cenario,n_clientes,EV_total,EV_revenue_part,EV_cost_part,ROI,media_mult,incentive_mult
Base,16493,77113.29883283602,116555.01670491611,39441.717872080095,2.9551201872832924,1.0,1.0
Otimista,16493,88917.66231446007,116555.01670491611,27637.354390456065,4.217300073597701,0.8,0.7
Pessimista,16493,65308.93535121201,116555.01670491611,51246.081353704125,2.274418133563131,1.2,1.3
